{
  "Ansi 7 Color (Light)" : {
    "Green Component" : 1,
    "Blue Component" : 1,
    "Red Component" : 1
  },
  "Ansi 15 Color (Light)" : {
    "Green Component" : 1,
    "Blue Component" : 1,
    "Red Component" : 1
  },
  "Use Cursor Guide" : false,
  "Bold Color" : {
    "Green Component" : 0.88235294117647056,
    "Blue Component" : 0.86274509803921573,
    "Red Component" : 0.90196078431372551
  },
  "Ansi 1 Color (Dark)" : {
    "Green Component" : 0.28627450980392155,
    "Blue Component" : 0.22352941176470589,
    "Red Component" : 0.85490196078431369
  },
  "Use Bright Bold" : true,
  "Ansi 9 Color (Light)" : {
    "Green Component" : 0.4823529411764706,
    "Blue Component" : 0.41960784313725491,
    "Red Component" : 1
  },
  "Ansi 8 Color (Dark)" : {
    "Green Component" : 0.19607843137254902,
    "Blue Component" : 0.19607843137254902,
    "Red Component" : 0.19607843137254902
  },
  "Ansi 2 Color (Light)" : {
    "Green Component" : 0.62352941176470589,
    "Blue Component" : 0.31372549019607843,
    "Red Component" : 0.31764705882352939
  },
  "Background Color" : {
    "Green Component" : 0.16862745098039217,
    "Blue Component" : 0.16862745098039217,
    "Red Component" : 0.16862745098039217
  },
  "Ansi 8 Color" : {
    "Green Component" : 0.19607843137254902,
    "Blue Component" : 0.19607843137254902,
    "Red Component" : 0.19607843137254902
  },
  "Columns" : 80,
  "Right Option Key Sends" : 0,
  "Ansi 4 Color (Light)" : {
    "Green Component" : 0.61176470588235299,
    "Blue Component" : 0.74509803921568629,
    "Red Component" : 0.42745098039215684
  },
  "Blinking Cursor" : false,
  "Cursor Boost" : 0,
  "Selected Text Color (Light)" : {
    "Green Component" : 0.88235294117647056,
    "Blue Component" : 0.86274509803921573,
    "Red Component" : 0.90196078431372551
  },
  "Use Underline Color" : false,
  "Use Tab Color" : false,
  "Selected Text Color (Dark)" : {
    "Green Component" : 0.88235294117647056,
    "Blue Component" : 0.86274509803921573,
    "Red Component" : 0.90196078431372551
  },
  "Ansi 3 Color (Dark)" : {
    "Green Component" : 0.82352941176470584,
    "Blue Component" : 0.29019607843137257,
    "Red Component" : 1
  },
  "Keyboard Map" : {

  },
  "Visual Bell" : true,
  "Only The Default BG Color Uses Transparency" : true,
  "Cursor Text Color" : {
    "Green Component" : 0.88235294117647056,
    "Blue Component" : 0.86274509803921573,
    "Red Component" : 0.90196078431372551
  },
  "Scrollback Lines" : 1000,
  "Selection Color (Light)" : {
    "Green Component" : 0.39215686274509803,
    "Blue Component" : 0.49411764705882355,
    "Red Component" : 0.35294117647058826
  },
  "Ansi 0 Color" : {
    "Green Component" : 0,
    "Blue Component" : 0,
    "Red Component" : 0
  },
  "Match Background Color (Dark)" : {
    "Red Component" : 1,
    "Color Space" : "P3",
    "Blue Component" : 0,
    "Alpha Component" : 1,
    "Green Component" : 1
  },
  "Ansi 11 Color (Light)" : {
    "Green Component" : 1,
    "Blue Component" : 0.48627450980392156,
    "Red Component" : 1
  },
  "Ansi 5 Color (Dark)" : {
    "Green Component" : 0.81568627450980391,
    "Blue Component" : 1,
    "Red Component" : 0.81568627450980391
  },
  "Cursor Text Color (Light)" : {
    "Green Component" : 0.88235294117647056,
    "Blue Component" : 0.86274509803921573,
    "Red Component" : 0.90196078431372551
  },
  "Silence Bell" : false,
  "Rows" : 25,
  "Draw Powerline Glyphs" : true,
  "Guid" : "1E41546E-31DA-4974-A6C3-95B6AE5D7D9C",
  "Ansi 14 Color (Dark)" : {
    "Green Component" : 0.80784313725490198,
    "Blue Component" : 0.94117647058823528,
    "Red Component" : 0.62745098039215685
  },
  "Ansi 15 Color (Dark)" : {
    "Green Component" : 1,
    "Blue Component" : 1,
    "Red Component" : 1
  },
  "Ansi 0 Color (Dark)" : {
    "Green Component" : 0,
    "Blue Component" : 0,
    "Red Component" : 0
  },
  "Ambiguous Double Width" : false,
  "Option Key Sends" : 0,
  "Ansi 3 Color" : {
    "Green Component" : 0.82352941176470584,
    "Blue Component" : 0.29019607843137257,
    "Red Component" : 1
  },
  "Window Type" : 0,
  "Smart Cursor Color" : false,
  "BM Growl" : true,
  "Prompt Before Closing 2" : false,
  "Command" : "",
  "Selected Text Color" : {
    "Green Component" : 0.88235294117647056,
    "Blue Component" : 0.86274509803921573,
    "Red Component" : 0.90196078431372551
  },
  "Ansi 14 Color (Light)" : {
    "Green Component" : 0.80784313725490198,
    "Blue Component" : 0.94117647058823528,
    "Red Component" : 0.62745098039215685
  },
  "Cursor Guide Color (Dark)" : {
    "Red Component" : 0.74862593412399292,
    "Color Space" : "P3",
    "Blue Component" : 0.99125725030899048,
    "Alpha Component" : 0.25,
    "Green Component" : 0.92047786712646484
  },
  "Send Code When Idle" : false,
  "Ansi 6 Color" : {
    "Green Component" : 0.61176470588235299,
    "Blue Component" : 0.74509803921568629,
    "Red Component" : 0.43137254901960786
  },
  "Jobs to Ignore" : [
    "rlogin",
    "ssh",
    "slogin",
    "telnet"
  ],
  "Badge Color (Dark)" : {
    "Red Component" : 0.92929404973983765,
    "Color Space" : "P3",
    "Blue Component" : 0.13960540294647217,
    "Alpha Component" : 0.5,
    "Green Component" : 0.25479039549827576
  },
  "Faint Text Alpha" : 0.5,
  "Cursor Color" : {
    "Green Component" : 1,
    "Blue Component" : 1,
    "Red Component" : 1
  },
  "Vertical Spacing" : 1,
  "Disable Window Resizing" : true,
  "Close Sessions On End" : true,
  "Selection Color (Dark)" : {
    "Green Component" : 0.39215686274509803,
    "Blue Component" : 0.49411764705882355,
    "Red Component" : 0.35294117647058826
  },
  "Default Bookmark" : "No",
  "Foreground Color (Light)" : {
    "Green Component" : 0.88235294117647056,
    "Blue Component" : 0.86274509803921573,
    "Red Component" : 0.90196078431372551
  },
  "Custom Command" : "No",
  "Background Color (Dark)" : {
    "Green Component" : 0.16862745098039217,
    "Blue Component" : 0.16862745098039217,
    "Red Component" : 0.16862745098039217
  },
  "Ansi 9 Color" : {
    "Green Component" : 0.4823529411764706,
    "Blue Component" : 0.41960784313725491,
    "Red Component" : 1
  },
  "Ansi 14 Color" : {
    "Green Component" : 0.80784313725490198,
    "Blue Component" : 0.94117647058823528,
    "Red Component" : 0.62745098039215685
  },
  "Flashing Bell" : false,
  "Use Italic Font" : true,
  "Ansi 13 Color (Dark)" : {
    "Green Component" : 1,
    "Blue Component" : 1,
    "Red Component" : 1
  },
  "Minimum Contrast" : 0,
  "Cursor Guide Color (Light)" : {
    "Red Component" : 0.74862593412399292,
    "Color Space" : "P3",
    "Blue Component" : 0.99125725030899048,
    "Alpha Component" : 0.25,
    "Green Component" : 0.92047786712646484
  },
  "Ansi 12 Color" : {
    "Green Component" : 0.80784313725490198,
    "Blue Component" : 0.94117647058823528,
    "Red Component" : 0.62352941176470589
  },
  "Ansi 10 Color (Light)" : {
    "Green Component" : 0.81960784313725488,
    "Blue Component" : 0.50980392156862742,
    "Red Component" : 0.51372549019607838
  },
  "Non-ASCII Anti Aliased" : true,
  "Ansi 10 Color" : {
    "Green Component" : 0.81960784313725488,
    "Blue Component" : 0.50980392156862742,
    "Red Component" : 0.51372549019607838
  },
  "Foreground Color" : {
    "Green Component" : 0.88235294117647056,
    "Blue Component" : 0.86274509803921573,
    "Red Component" : 0.90196078431372551
  },
  "Link Color (Light)" : {
    "Red Component" : 0.14513972401618958,
    "Color Space" : "P3",
    "Blue Component" : 0.7093239426612854,
    "Alpha Component" : 1,
    "Green Component" : 0.35333043336868286
  },
  "Description" : "Default",
  "Match Background Color" : {
    "Red Component" : 1,
    "Color Space" : "P3",
    "Blue Component" : 0,
    "Alpha Component" : 1,
    "Green Component" : 1
  },
  "Ansi 7 Color (Dark)" : {
    "Green Component" : 1,
    "Blue Component" : 1,
    "Red Component" : 1
  },